ticker,title,source,published_at,published_date,link,sentiment,weight
RELIANCE,"Reliance rises 2% to be among top Nifty gainers, stock crosses key technical level - Moneycontrol.com",Moneycontrol.com,04 Sep 2026 12:09 PM IST,2026-09-04,https://news.google.com/rss/articles/CBMi3gFBVV95cUxNOEplem5JeVh4TUxsMFotR2RFbi1taDZmcTdUdGtpRDQ2YlNZVHhHajNicFF4ZlVIdFZQV1RuanZia29WdmJBeXBGcHZ2bVlMVGd2eHNncG9XMVRyeWM1UUtXMV90dFlHWE1qcDNvOUdLSl9FYmhfQm1YVExuS0hJWWhoWnZ2bHNzZHVuNWVNbnM5Z2FfdTd6ZFZFcldXUVZ0enZDUGRYLUdPanp1ODllVUp0Q3hSM1g2MXBWN3JOWDFhTjVOTGJBMjRZMGFSSzh2X3Rsemg4bTdRR000cVHSAeMBQVVfeXFMUGFpYVl0cFI0MVhoQ2NlOG1UbDgyOUlBcE1Wd0hGTTNjenZEV0V5cU1iQ1BERmViWFhXbEVQbF9aSjRUTnRPSW5RREw1RUVLRmRSeUhsMWFqeTVMQ0V3UnZ6TUFqVGM2cjNVbXlXSDFfTndJRFllMjIwd0xjalJpTFd4VHJjclNvcEQ0QlhRSDJpWlhDd2ZVUmhoU3dGMVRyaTFiclVMRkRrQ1BCb0syNnRjaWhsakQ5X1BxZTBWeEVRcFVuOHRtbDZpRlkyY1UzeVRWUGZWTG9qelp2ZGlmOV9LSTA?oc=5,BULLISH,8
RELIANCE,Reliance shares are down 17% despite soaring refining margins. What the market is missing - The Economic Times,The Economic Times,04 Sep 2026 09:12 AM IST,2026-09-04,https://news.google.com/rss/articles/CBMi-AFBVV95cUxPRXV3UVcyUHhMVVNsc19vZ0Vac0o4TzFybGdGRWFLVXRJQnM0ZWlHeXFGaF90aG5aZEVINnNmSU0yU0hxVmMwQklYakFuUVJrc01LalN6dmZNX01VTW9INTc0OUdpeS1UV1hiNnVLYlltaHhRTEF2MFA5YzhPaF9mYXBXd2V0QnFZUG5fZHJRLUJsSV84aHJXVDdKcGxXcVFCeTRDVl95RmRIckJac0U2RmdLNUdJRTFXblJ0elBUZ1BwSUV6NjAweWJRM2Vvak96ZElsUnE0cFRndUpKeHl0Qlg5WmRMcnZlOURWcUlDTGphVEpkaWhmeNIB-AFBVV95cUxPRXV3UVcyUHhMVVNsc19vZ0Vac0o4TzFybGdGRWFLVXRJQnM0ZWlHeXFGaF90aG5aZEVINnNmSU0yU0hxVmMwQklYakFuUVJrc01LalN6dmZNX01VTW9INTc0OUdpeS1UV1hiNnVLYlltaHhRTEF2MFA5YzhPaF9mYXBXd2V0QnFZUG5fZHJRLUJsSV84aHJXVDdKcGxXcVFCeTRDVl95RmRIckJac0U2RmdLNUdJRTFXblJ0elBUZ1BwSUV6NjAweWJRM2Vvak96ZElsUnE0cFRndUpKeHl0Qlg5WmRMcnZlOURWcUlDTGphVEpkaWhmeA?oc=5,NEUTRAL,8
RELIANCE,Jio IPO: Mukesh Ambani-owned Reliance Industries sets eyes on Navratri-Diwali period for launch? What we know so far - Livemint,Livemint,04 Sep 2026 08:39 AM IST,2026-09-04,https://news.google.com/rss/articles/CBMi_wFBVV95cUxOSUNWZFRBZ1hiOTFHbGllWm1DNXVsRnlFWVBMMjdnUjFNb2NSN0QxRlFXWElMT3libm91TWVQd1dwZnpZZHlCbGstY1lVeVFYSnhyWnRmSEJGRTQycUJXNmNjUEZaRW9jc3pxaFJYRDc5bnRyRXJSYVdhMjhnSlE1aWcwMTFrTmxtZWFNbFVfcGE3czBjWWI1TTR4MzhFUEwtcS04Qm1nR2dUQlVTQUZfOHBtcy1JTW1UelBlcU1IdFNSYkZIWHFjc2FfanhXaTdldEhIenVBZnR0QUNyVHVjMzFaZ0dJbGthS0Q3WEJBYVJkUi1YYmxuZnZGSUw1RjDSAYQCQVVfeXFMTlczbzk1UFhqRlJyUkRVWDFheTBUVmE4V1VnLUJQbDZVQjFsRW9lSGJxZUZUUWx6TzJNZW1OZnhWa18xOG9mSHlJcEZwcmh3WFNELTVsc0ZLQUwtQkRrYTNuVFc5ODVlbDA4LVQwVmtMSThmV0xhSDc2Qkl5LU5KNXBmTW9tdHMzZU5PWUVodjQ5VDU1ZS15dDdOc0h1dk5aRUVLWk8yY1oxQkNsSVRVek5uMWtaR05XZ0dmcDMxR2kzMTA5VEdIRDhoWmVxd2lVcGZzekJRbVZ1bkpsWmd2bGV6YlVWY3oyZnlxelBpSFhYd0pVU3JZVEhfSF9ybXZIeXVpTmY?oc=5,BEARISH,8
RELIANCE,"Sensex Today | Stock Market Live: Sensex jumps 660 pts, Nifty nears 24,000; Reliance, HDFC Bank lend - IndiaIPO",IndiaIPO,04 Sep 2026 01:15 PM IST,2026-09-04,https://news.google.com/rss/articles/CBMiyAFBVV95cUxQREM1cnVFN2w5eW9JTy1YN1VWelAwZXRqN2tOMDZuaUZVbVJyM1BzUzd4Yk9ZbW4tbWpqM3FsV2k2NVpPVTQwcVpISjNleHJwci1kZ1FwS2E0T1lWaThSclo2T3lwdnVvR1NYM2pHSk9ZV0xmc1FLTmFHUVY3NVVBSkZYNC13alF4LUV2bkhhTUdRdjA1YW51bjhkZ19ndTNJcFU1YUQzVHVWZHJ6cURlS2FON24tM2cycFJuLTU1MTRRQmdiUXE5Vg?oc=5,NEUTRAL,7
RELIANCE,"After shaking up cola market, Mukesh Ambani's Reliance brings ₹10 ice cream: Here's why ‘long-game strategy’ may work - Livemint",Livemint,03 Sep 2026 05:13 PM IST,2026-09-03,https://news.google.com/rss/articles/CBMi_wFBVV95cUxQSXJEM0FCQ1dJazl6QWNQWVhTUW9HZ2txSGI3YWNSMU9sSi1kSHdJb2NiNC03MW5iQmpPSHZXQm9JMFJhREQ2QUwtN3g0WXRKcWhUVk1JVC1uTmx2NFQzMHpDdk5jQVo4Mkk4NDh1bUhrNVAyUUhfamtiUkJZYUZGd1hMSnRoaDJJSVpqbVFFM0pyQ191NFVMQXd5VU80V3JVVWdyM3MzWEpySTBBYnY0Z01rOUdYZ1lvdzl5RzRYbEZGTVc0Z1U1Ym5wY2VzWVVoZUtOTHFXVDlzenk1S1NNVC1jdHA5LVVCWU5jVHNIMGNFSVM2SThMaDVyejVRYUHSAYQCQVVfeXFMTjRoQ0xLODZCSlRURXV1a3NfNF9zOUJSSGdtTEZlSEIxcS1Pb0tzaV9aYVpQSVU1SGgyWEhndjRHOENPbUJJMGxySWN0WnY0M3BiSUxucXF6Sy14eWxmaDU3UUtGQ0JBYUIyXzJNZ1dnQXpmZk8yRUY0ODZXdzgybzdyNzc0aFo2LUFmazNyTTRKeUEzd3ltTklxUHZSRU1VYnZKT0pnMzhmOGtkZVc0OEltMVNsWFp4OGFKbjk3eXB4ZmNPOE9JS3Njdk9vREVwU1JrTTVBTkt2eXROdXU0eEpIRFItMVZUSXNwZDFMdmtLaUZ0czVEdWNVYWFyNTZWU0cxcTM?oc=5,NEUTRAL,8
RELIANCE,"Reliance Industries slides Thursday, underperforms competitors - marketwatch.com",marketwatch.com,03 Sep 2026 04:00 PM IST,2026-09-03,https://news.google.com/rss/articles/CBMiuAFBVV95cUxPVlZxWHdMRGVRcmdNcWVVbndLSkFOOTBlNWk2Z1R6VkpKdV9tZmM1N0c3YzR0eVhQcXFQRVM0cjlxYTU3bERPWVRVWmE3TFh3OEY1SHNTTHNmZmRaR1VXVUZqZWJuOUFXMzlqR3JILWZ3NnVYR3N1bmtXVVpsUW1GeEozNENsX0ZVSUUxN08waEVfWWEyVWU0eno4eDJ2dkhLTl90MTgyOElkTUo5UHM4QUZPWjBKTjR4?oc=5,NEUTRAL,7
RELIANCE,Three upside scenarios that JPMorgan lists out for Reliance Industries going forward - CNBC TV18,CNBC TV18,03 Sep 2026 02:32 PM IST,2026-09-03,https://news.google.com/rss/articles/CBMi0wFBVV95cUxQZW1vUHJOT0xwejJPRGx3akFTVXE1Wm5MVHBaam5lcWQ3aWItRXBOcHpyWlRXLVhwaGxIakNrS25OeEV3OWl3NjcySnNkZUlVVW05OG5rdS12TDJqUllVczhZTVEyVzc3NldTc2lQYXdmcXp6THhaQWdUZmpPcUkxcTF1Z3hpQkwzQ2x2RHhmdHFPM0JSOEFnV0JCcy1TMUpTbm16X1NnekdKbW5hWnducUpLTUJ5dUhkZFlrSU5wZW4xMmRIX2dlRzZiSFBBMlNMTUhj0gHYAUFVX3lxTE1OUmpLWjYyRVdkLV8yWElDZm9IODhRRVJOeEVDWm5OTUdScEdhOVAxaER6QUNRc09GeHZLbktWMGVqYUxKREp4WlNOZEt1eWxuWVpDQlU1b01iRGpsSk1GN1FzdHB5cFZQc1lzVFJrbTU4LWM5TnpxeEcxRHkzdm5CdDd4Sm9kNjQ2cGE5dGZiUVBoSERHOWYzT200MllqbFJtbnpBTUNmTm92Q3BISVhWd2NVMVpHTzN5SDdtRWhhZC00cUw4QUZMZ1pzZ2loSWNYTHpGcHVLYg?oc=5,NEUTRAL,8
RPOWER,Reliance Power Share: Bull Case vs Bear Case for 2026 - Univest,Univest,04 Sep 2026 12:15 AM IST,2026-09-04,https://news.google.com/rss/articles/CBMifkFVX3lxTE56YUpYRWZBX3Q3QUIzV0tiV0RtZkxGQ3Q0Sl9yb3ZnZk9wRy01VVFnNFhmWC1LbDRnODJBTXIwc3V3UzNob2FObi10RE1iYmZJU25fWldDV1pwMGVKUFVXbjk2SlFSLUVwRkZpTUExNFROTlNnTV82ZU1VTjFHZw?oc=5,NEUTRAL,7
RPOWER,Reliance Power Share Price: Buy or Sell - Univest,Univest,03 Sep 2026 05:21 PM IST,2026-09-03,https://news.google.com/rss/articles/CBMid0FVX3lxTE13elBYTWlTWlpKRVVlWFVtejVnYWdwLUJodGNwUG9DUkRkaUVGSE5GamhaWjZoTHZnUkQ5MUtvZ1ZDc21NWkd2RlJadEJRUlljSWd0aHZOZG1qdmMybThUZVRHWWJ5QkQwV0IwRHhXQlNDbTU2LXln?oc=5,NEUTRAL,7
TCS,Tata Consultancy Services Ltd. Stock Hits 52-Week Low at Rs.2546.25 - MarketsMojo,MarketsMojo,04 Sep 2026 12:49 AM IST,2026-09-04,https://news.google.com/rss/articles/CBMivwFBVV95cUxQUFozWExDTXVsVGJiWHZuM0VqM1NvcGowdUl4SEN3dWlMNmVnTE5ydlAzeG1jalZ2SGgwOVY0RV9taEg2LWRYajNCN2Mtbl92LWU4QUhBbE0tR1JfWUtWb1h2blRfRWlNLU9wSTFLOTJfczBOZktoVnVnOThDd0Zfck0tQndycFJkU1ZzaUVvR29tRVZycHFjRzhZd1pwakoyYzhTdUo1dnpFZlhQeXFhN25NcWN1Tk83RTdJeDg0bw?oc=5,NEUTRAL,7
TCS,Tata Consultancy Services Stock Update: Shares up Intraday on New Metro AG Deal - LatestLY,LatestLY,04 Sep 2026 09:27 AM IST,2026-09-04,https://news.google.com/rss/articles/CBMiwwFBVV95cUxNemZRTGJsSm81S1ZmazlJYWN4UkFkQ0dWbFdnM08zV3dpYmRmSXA3YXlodGVmQWo2VDIzWGg3ZG9zZ01WVmpoTnp0dm0xenBpUG84cy1jMDZIUjdhWVFic2N2dEZsRUZZblc0SUxMNXdyMG8xbnNjMFR0ekJaTzZuZWtrX01iTzRCaXpiSTFaZ09QTG1xM0d3ZGFrRzlnVUxPaG93VGNyVkt3THBkWVliYWtjZWtVRmlyNGxsa3JyY2dtSWPSAcgBQVVfeXFMTzFMR0Y1V093S3liRmozbXp4dmQ0QWJLdUh0aHEwOXBQRHdXYUVjd2lQamVOOXVJWVpzRHhocUFrTURQY1NtWDBMWFhpLVFCX0JWOWdoRG1zRDhxblE2QjhkVlhhZXJGX0V1UlhYZk1WQzJscExoOXJQLTJHUjZ0RldvWFJoNmFNV3AzOXpGTTZPS2hqT2dVRGJFbWw2Sm1oMk1zUzEwcDQ4ekp1UmhSQk9YSF9MNWJ2bHl2OThaRUM4UTNuYlo3NGU?oc=5,NEUTRAL,7
TCS,TCS Prediction for Tomorrow 4 September 2026 - Univest,Univest,04 Sep 2026 05:18 AM IST,2026-09-04,https://news.google.com/rss/articles/CBMieEFVX3lxTE9UTjdOaU9TalhzRUYzUEhlV19CTXA5N0dBV0Nhb0M5d3NpUTBTaHliLUxSY1Z2YVB5T1hwVm1rNlBERzhPU2JCenQ2V0JCN2t0M3NwT2ZzbzV2b1ZlTVVibWxJbkNyT1ZmaWU3WW8xcEpsSG5mbndHbQ?oc=5,NEUTRAL,7
TCS,MedTech Conference 2026: The Future of Intelligent Healthcare - Tata Consultancy Services,Tata Consultancy Services,03 Sep 2026 09:29 PM IST,2026-09-03,https://news.google.com/rss/articles/CBMinwFBVV95cUxPY19qOHBTQWJRNjhZQ2tGSkZHdHNhYnJCUndqcGl1OG1rUExWTEdIWnVFZXpKUks4S0NHUUlWcHRyZ1E3bHk1MG5oeHU0VFB3ZTA4eDRtZ0N0cWV4aVJoZ1gwUTZNWEZxbnp3RUIza3VZeDZ4RU9UOWdSTXNMTEJUMm5LOWwtdWpfUENJOW15cjRvVXM1RVVyalJya01mNTg?oc=5,NEUTRAL,7
TCS,STC Bahrain picks Tata Consultancy Services to modernise IT - Telecompaper,Telecompaper,03 Sep 2026 07:00 PM IST,2026-09-03,https://news.google.com/rss/articles/CBMipAFBVV95cUxPVndkWkYxMmZwaVhYZ2NVUW1Td2YxcHRDR21VREROQVpXd0FLR0RoTTZPT1EzWWs2b2tFRGNrS2d3Rl9mSW9Sb1VGWF9ubFRZWlhMV1VkNjhfTjliWklFdWtHc3RUYW9yUzhaTmtxbV9wOUI3UGNsUDUwNHVPZ3p4VnNGaXBVNnNScUlzRDZ5U1MySEMyb3NCSUNpaGFIQm1fWmFVbg?oc=5,NEUTRAL,7
TCS,TCS to harmonise METRO's IT application landscape and support scalable growth - Tata Consultancy Services,Tata Consultancy Services,03 Sep 2026 05:42 PM IST,2026-09-03,https://news.google.com/rss/articles/CBMiwAFBVV95cUxQLVJWN3pmeXB4TDNJOUFuSnJHSXA5LTJZMk1PX0pGR2k3YWdPVGV4OGoyb2tUYVRKVDdubEdxajRnMGxDejByQWZOZjZJQ3dFMTRWWHJIdmZIY19xV0haTkI0a1p6YWRnc0lKQnBXTzVhVmJIQlZjd0NYOUhrQi1EQ1FCNGc2c0RBR1IxVWE4OFVtalhlU21yaEF1dEp6b0M5RmUwS2k0dERidXI1azZsVWtTbU5GUFN1WWEwVncxMDM?oc=5,BULLISH,7
TCS,TCS Named Strategic Partner by Metro AG for IT Overhaul - Equitypandit,Equitypandit,03 Sep 2026 05:16 PM IST,2026-09-03,https://news.google.com/rss/articles/CBMijgFBVV95cUxPbHhiMGF6R3VUREpOQmN5VHhHWG55djlCbzZGY0ozVGJ3cnl4SjE4RmFvZGIxUTcwNEhrMVF1eDVHSDF3Q2xNVzJYVXotaHdKX25rSkZxRnVVbXVGdzBibWtNWkVuYVNwWk42TWhoTEZuRFBHUThya0c4V0FqRG9QZWJPanAwdXNQcmRxbU1n?oc=5,BEARISH,7
TCS,TCS to drive Metro’s IT transformation across Europe and Asia - timesofindia.indiatimes.com,timesofindia.indiatimes.com,03 Sep 2026 04:23 PM IST,2026-09-03,https://news.google.com/rss/articles/CBMi2wFBVV95cUxNUUNIYjZ1SmJtb1JsWnNXR0RsZTJWeFZTMTBKVkpfQllqVjQ4bFB1cFRMVEhlZVVoTnV5QUpIcUZmcllzWHBCTVB5Q1o1X3lRd05wTkpUbW9yaEZ2LXpyS1ZFU051aHhiN201aEF6dGNQUEtGZC1Qa0lrMVo5RjhKQ1JCMDFpcWdMbzl4b1NZNHhqSV9PREpIakt1Z3RvVHhfckxmeVdkVXZFbVcxaUZmcmtROVkwS1htUE5TcmM0azNPVXVyX19lWHFOdTItMjdnLVNqbWhkekQ2MlnSAeABQVVfeXFMTjE3Ry1JcGEwS3ltckRJRXRray1UVnpVcnpFX1JRNlVkbU13QXlEaTYyQXZTRFhSSFQyc0xSWXZjbkwyejhBN2lhVG9uT2I4RDNYQ3JCRlh2aGlWaE8zZEVPb093eWFBWjAzQTh1RTNqNHZ2UE1WYlA4S2V0aW9KaG1GSEwwV2c4MThvemMtYUVDbzJka0RnMVRHNXQ3N3JHaXVWNThlVzg0eWRDZFNKWW95ZmpJUHVOVXFSTlBfaWFiT0ZWUWtjdm5ncWx1Z2FnVmpWLXBueVp0YWtLQlBhY3c?oc=5,NEUTRAL,7
TCS,"Tata Consultancy Services falls Thursday, underperforms competitors - marketwatch.com",marketwatch.com,03 Sep 2026 04:03 PM IST,2026-09-03,https://news.google.com/rss/articles/CBMivwFBVV95cUxON3liN2ZCRUhncXR5Q1pWTVpFMmgtN3luN1FQWjFZUEhfNVZUcmZoNGYtbWRiN3ZIMXBtS2lCTl9DVDZsdk53Z0QwR3NrNlc4MmV3bXlUa1JMd0c1Q2kxNnkxaEJsaXV6ak9FQVUwaUczT1lYXzBSM09ETzEwak9ST0xYV0JXeTRxbnJpRmlxVV9NX0R6alA4M0gxTVR5ZlE2b2c5Z1IxVWFtU25JTnhwMUc3SjdxLUM3bmFTWjV1TQ?oc=5,BEARISH,7
TCS,"Tata Consultancy Services - PTC India, Coal India among 10 stocks offering dividend yields of up to 10% - The Economic Times",The Economic Times,03 Sep 2026 02:23 PM IST,2026-09-03,https://news.google.com/rss/articles/CBMigAJBVV95cUxQQzI4dms0MEYzQUNGYzRHbXZDSEhwT1hzYWg2d3RYckJiTGhlcmRtbkRDelFLSENuTkE1b0tRTDFFX1pxVWZvZEt2TjdOcDVhNUh3NzMtWTNsVmJsSWVMbXhBRVdwcklZaTZuR0F1SWxscVM2T01yVUtZS0lUblotRFk0aWVzcjQwRHhpOGEtYnl3U1lGcE4xam5ROF81dVIteENjd0M1QUVValgxNmFtZEFpMjl3S04ya0Rod2lvLWZtTlpyV3otTExVMU1qY2xRWXFoVEhrcTlfeF9BQzFCZTlsRjJzZlAzbktVTkNSdWptNWltd09mcmdpNEJTRzJk?oc=5,NEUTRAL,8
TCS,TCS Share Price Today - Tata Consultancy Services on NSE/BSE - scanx.trade,scanx.trade,03 Sep 2026 01:52 PM IST,2026-09-03,https://news.google.com/rss/articles/CBMibkFVX3lxTE5rZ0MxS29EY3VuVEpqempxSjVncnJhVXpVc2l4V0E0OUxWU2xtRHJRWlB0WmJZMmRuTzJidWdNdWJUY1YwSjRZZlV3R0NxTDgwUnZIYmNzd0dBQlAyT2tQQ05RdmRCeVdZb1NFR1lR?oc=5,NEUTRAL,7
INFY,"Sensex opens over 500 points higher, Nifty above 23,900; TCS, Infosys gain 2% - India Today",India Today,04 Sep 2026 09:19 AM IST,2026-09-04,https://news.google.com/rss/articles/CBMi5AFBVV95cUxORFlqUG5ib081N3lrOWpUQk9scDlvLU1BZ3BOdTJXRzFla0VCRWtkTW5ieUtqNVRtQ3hsLUlBYloxei1UTi14ZnFTWU0zVTJzcm1Ia3k5UHZheGRINzJMMGdPY3hZX2lqRkw1OWRxYVJqQm01c1lWWnc4Mi1fZ1laQ2E5VEFqalVPRmE3dE1VYnI1ME5sMVpoRFRYU0NIek5wRHB2NkhxbGd0V1lkYVhhOTlwLXNmdkNxMklNTmxNS1pkZmpIcnNMWW42NjJVTF95dy1WZzZOX2cxYUZfeWNPMkVTYk7SAeoBQVVfeXFMTjBxWlkxWVRKUlV0d2R0SDJqekFmMFlRc0c2d0JqY0pXbDVYMHY3eTl1UmRaei1XQi1QRVpfb20zVnlrZGRacUEyZEIxUHBOdmJuS193bWJXckhCN0QxLXdNdThvODN0UmRNSkJHVU1Fc2dZZkMxdFJJYnRIeXllMmRfSVN1MmhqVVFWd0ltM3FtYU5TU1hPM1ZfcEpRazhRWHBjenRUUi1ETVY3R0tfNV95RndCWW8zcGFiOVJlMG1QN3Q0OEtoUHJjX2Vianl5amFpaWI4UkdYZ09MU1Q3NnZrY1cxWEhwblRn?oc=5,NEUTRAL,7
INFY,"Infosys Ltd. ADR rises Thursday, still underperforms market - marketwatch.com",marketwatch.com,04 Sep 2026 02:54 AM IST,2026-09-04,https://news.google.com/rss/articles/CBMi0AFBVV95cUxQX25oS28yR3c5amlPWEh1QkFBM0RPdHlQOVJrYXVuM1FUMHJXeFJKZlV1RVFkUjZHOVlZVktCalpVVml0LV9fbWpIdUZjU3d4YXJkcFE1c3VZOTRBWk91clpNR19naEJtSHU3QVdDOVgwN0E4eTlyR29VdTJvZXI1SjB0RzVIMHVFb0hOM1duU2wxeUJFdGR6SUlVdWFlQjQ1NUN0d2FqU1pYTHlvcnVtS05SUEdzYmV4a0tIQURNd2lFbVJXNGoxQzJZTGQxMlB6?oc=5,BULLISH,7
INFY,"Infosys Says Guidevision UK, In-Tech Automotive Engineering Beijing Co Voluntarily Liquidated - TradingView",TradingView,03 Sep 2026 02:46 PM IST,2026-09-03,https://news.google.com/rss/articles/CBMi9AFBVV95cUxPdzYzX003ZDJ2eWY4QmFqVUNsa2dYMFFzMWlzWUtrdkZsRlNHeVlFZzQ5T3g5OVA5SF9jRHFxMUxFd2cydGVYSVZVU29EWWRFSE1BRU9QYUczZy0tcTBTN19UQXI2UnRrcmk2aXRaaDdTalFEbjc5TW51YS1USjdtV2JrdGRLdFRodkJIUnhVaDV3bzhNcGNhVk02ODVibC1fWWN5b0h6N0NiZ0VLaFRiWGVhM3N3ZHJoSXhoQkVoNVVOb0kxblBNUVczTERwb3Q1WXhVQXlDMlhLdTlNZk9pQS1RNE5lSW54b1plX3lfUDJZTDdu?oc=5,BEARISH,7
SBIN,SBI Share Price - Live NSE: SBIN Stock Price & Chart - Upstox,Upstox,03 Sep 2026 06:51 PM IST,2026-09-03,https://news.google.com/rss/articles/CBMiakFVX3lxTFBPa0lHTFVCTVBxWVRmVXR6cE5FMDhDc25ublZmbVllcFgyMU0wZF9NZmdZQWVjQmJrd0tPSFN2OUdVRnpfVVBWdDFCMmRPSkZFc1R4cFIyOGdMSmdtNThoam1zNGN6WnFKbGc?oc=5,NEUTRAL,7
SBIN,"State Bank of India slides Thursday, still outperforms market - marketwatch.com",marketwatch.com,03 Sep 2026 04:00 PM IST,2026-09-03,https://news.google.com/rss/articles/CBMitwFBVV95cUxPQnMyUkV2ZmNOWmk5OGRZczRCX1ZSSllDa3hiSlQ2MHlJZlB6QWtYaTltSDdSbEduVXpzQW1EVUYwaDdSYU0yR1hhdi10S2E2SkZzdVNOT2hYYkljUEFNZ3VFWUhLeGxCcWJvdXMwUy1XbmJtU0NKaFNFVUJfRjdfVU9wSXRFdWJxUmJmSkJOUnI1TlhfampuN2Z3SFVraHFVVS1teUVQOExFWVlyYl9BSWtUZ2VWcUU?oc=5,NEUTRAL,7
ITC,CAM Advises ITC Infotech on Happiest Minds Acquisition | SCC Times - SCC Online,SCC Online,03 Sep 2026 05:35 PM IST,2026-09-03,https://news.google.com/rss/articles/CBMi4AFBVV95cUxNSlZMa09PMGtubm0zMkU2NU5mR2xKcFI5YjV6ZjMtUmZOSm1KMm9oU2ZIZXNGV3gyX3NfdzVZZExneHpua2Z4cGJXcDg2aWlVSlcwcnhzdzBtVEcyeE40UkFQenNZRVpQZXJRWEQyZEdGQ2s0eXhxdzJsQUhHaEFGQmtYWE1fbFFYdzd3anlXSFNmX19pQ0phUEdvQ0ZsSVUtbEpWQmNCTVpKRWhHb0tjdzhoSDVUUGJYQ0F4UHc0VXl6MlRTVV85Tkc5SHAxdURFcklBMEROc0pjSnVGN0VtVw?oc=5,NEUTRAL,7
ITC,"Happiest Minds, ITC Infotech merge to create $1B AI-first IT firm - scanx.trade",scanx.trade,03 Sep 2026 01:53 PM IST,2026-09-03,https://news.google.com/rss/articles/CBMivgFBVV95cUxQV013c3h1SzN5NjNkYzVqSlk5ZWhyZ09YdFpJeVpZQnZmc3J0S2tOUlJuLXBDLVpYU2dxMDIyNnd0V3N3ako0dmRGdl9mamxUdjFkOUotSUJzYm1qel85STBIYkNzdFZuM2UtUDNETlRYUy1RdEtONzVBWW9vUXhiOTh6ek1idFpKdU5QRkdMQ0VSdzNvSi01al9DWDhBOFNBNVJpd2ZlY0hyVnFoVXpESHkweFVFb08yS1BLSlFn?oc=5,NEUTRAL,7
HDFCBANK,India's balance of payments likely to post $60-65 bn surplus in FY27 despite wider CAD: HDFC Bank - The Economic Times,The Economic Times,04 Sep 2026 12:47 PM IST,2026-09-04,https://news.google.com/rss/articles/CBMi9AFBVV95cUxNaHpzVjdoVk5vV3hld0Z0VGczMkZoY3I4eVVSQVhBb2ZDYWhucEFlTWJiVlczMFM1dGhKTUFOVzdicHdWaGZtNXZzeERYTHhVSEhoM0ZJVlA2RUFWelo3V1Y1OVhjOWZzT3pxdUtJakNCN0xUSUNSY3JYenZFVmFETk1xTlZFMXZFNXAxT05rVnYyVzdsTGhwdFpCT0xrc2p2MUdrUWZOcTJBV0txWFJWY3hhT0Mtd0VVWThVU2pEakxtLWREOVVzQkZXZHBNWFYtcGZQODNSX3RYWHdZaGxXNHNzMUJGcG1pZTY4QVRGb0otR1NH0gHuAUFVX3lxTFBLVFh5eEZNNWVnbmZnOEpQYUt1ei0xSmVyNF9ER1hvTHNETUtFRVVqc2VMcklINTVMQ3hBQVotV0pvOW5EQ3lXVTFUZnpibDZkOGdXVjV1cmE1aEdrSnVKSFJVSms5Mm5vcDZ4dHFuSzRhSTlHbVNRUURxN2U3VHd3ejRXOWt4RHpvcUg4NlhRTkNCR3o1bkZkMk1OTmd5cUUxVGc1UlFKX0VHS2lpYk1qcEx2V3VlTVZZUEIwc01lcUJwY0VRRElub0w0MUIzMGdDcVdmQXdXNlNwVVp6Y0ZVanZEZDhQOU0tdTE5eFE?oc=5,NEUTRAL,8
HDFCBANK,Coming months will be defining for HDFC Bank: proxy advisory firm IiAS - Fortune India,Fortune India,04 Sep 2026 12:43 PM IST,2026-09-04,https://news.google.com/rss/articles/CBMiygFBVV95cUxOd2gyNzIyZnhhUjI3SjZGRkdSMEpBN3puU2pLbVZxZ1pjems2RWhPVWJwWUl1a05XTFhaMi1tYURyM0RUUzF0RnB4Wm5VT2pNeFRkQW1uaWZyczNUR2dYQWplelA3R25peG9GSGNtTkc4ZTBJelNrTFhseTI4SVpFM3pVVnowZXlwcmxKb3E4R3ZCRUExOVZmT200Y08tejhuMlVVM24xaUxHY2o3amhLd0F4QnFTSE1Wa3dJNDlpLUo1MkN4Q1puUjFn0gHXAUFVX3lxTE8tN2VnUXZnR2MwZU1RQTJRQTFyNW5ZclJwaWhpZ256b3k4ekVnV2hoTVd0YnFWaDVuT2pmbEJ2NGNwNE9qa1NaZExlT0JLTUs4cENUQi13UGd5MUhvY3pNR2hwbHdBMU9ZdmJidk1IVkhpMVpER2xzcHd0a3RhX0ZPX3pScmQzTUZUVG1WOHRseC1wYzZ2U193NVFUSXVQa2pydzNveUt2bWNzZDIwNk4tZUVTTGVzcDFBRDdYZlUtekZrRUl0SDdSWkhzREVKZXEwX29zMWRF?oc=5,NEUTRAL,7
HDFCBANK,India's BoP likely to post USD 60-65 bn surplus in FY27 despite wider CAD: HDFC Bank - ET BFSI,ET BFSI,04 Sep 2026 10:50 AM IST,2026-09-04,https://news.google.com/rss/articles/CBMi2wFBVV95cUxOSnN0bFdWN3VDVjNtVU1Gd0NfV0dEM0dDTkxrekdGcnk0X3hXeXc4R1VrSks5dEEtb0Rnd3JyS1g5NzJjcGNBNDVhZ0RKLUFLZnpPWnBOQ19MeWdiWFJCb0l3LWRrUUs3SU50ZXRTaGVvT3NLWFQwTjllU01hTElnOXRJZUFsRjZqUDdmdXlOT1Y5eVdoWmVsWks1SU5zdkVwNG5PN3JnSjU5NF9QVnRRblo1TXExNm9NejdWbDhLSDNfZUlUVUg3elJUWTlsWnFMUUo1LUZ1QXJGQlnSAeABQVVfeXFMT3Z0bTM3Q2tjM2tmcFZYaFhxRGVRQkwwNk14VmlYcUg2NjRDVFRDS3dORFNqdGxNc2FvN0hpLVdnNmM1aU11R1ZxM1NhTzhhdTRPSHV5bThlY2tvbUttRXBVWktKbTdHSUszM2huR1V5bWlheU9pY2lVbmRhY0poS2tkak5JYXFDSVlTRHI2Qk1tanJ1NWkxcDFBejBpMkdwQ3VQQlB4THpIaHQ2S2ZMQ040SGg2RklYbkxLMG13dG5sdnhEOXBXQkJPZl92N1NKUWpJOVJYY0JPZ3RMM0VXTFY?oc=5,NEUTRAL,7
HDFCBANK,HDFC Bank shares trade flat near day’s high - thehindubusinessline.com,thehindubusinessline.com,04 Sep 2026 10:43 AM IST,2026-09-04,https://news.google.com/rss/articles/CBMiqwFBVV95cUxNM2RLaURIRi04WFJvT2xwZTdBVGZ1OW1waVFMRUZTaEwwbzBEVG1QdnAxUHZtaU53SU5Sa2Y5MGJSbnJuclB5MV9JQjhUWTZlcWMyOGdzX0RPZkpPX0NKaFJQUGhHMGMxT2pOVHhtNC0wQ0MtMklyemNsN3ZCWjB5a0dvNzB1c3ZxcUJwWDZpUXZPSnRSRGhlN0tHTVlINnYwYVRUN1FfMEYxdkHSAbIBQVVfeXFMTkJrRk43QVJlUFdIYnpKUWhUTHYxWnpaaVg2VGpmc3VHNUhScDhZZ1h0Q3FYcHhXWlNwMklrdkoxM2VnbVFjRmlOWXRzLVFSQkp4T3RER1o5VXNfLV9ZYzlZeHhhNU1tSjJkZWVQZ2pyR1VEZjBkaEx6My1NVFNabVJjWHRoNno0YnBOVEVzUklVc3V5YnFXMmxqdkx1MVFBck9VcWhFSTQzWkJ5c285TFp4Zw?oc=5,NEUTRAL,8
HDFCBANK,"Stocks in news: HDFC Bank, M&M, Gland Pharma, CreditAccess Grameen and Bharat Forge - The Economic Times",The Economic Times,04 Sep 2026 06:00 AM IST,2026-09-04,https://news.google.com/rss/articles/CBMi5wFBVV95cUxQbmRYUnJXUF9CbkZfZWtHeF9RM0oxSVlxTEZkdTd4dlVXT09ZcW0tWV9ReDZjOWpDUExIYXFGc0JCcXh5YjZaQzZjWVhyVklJZk92YmdFOEpuMmRiLVpFV3d6STdkTVFJOW14TFJGNldkNTN4a0QxdTJ3cUE0cFFsSWV1OHRJc2JaNk9zOTRZSTZva1NBVTI3cklZWlZnMThfb1pvUFdOaGJ3cWIzS1Q0Y0p0dDJlVTZIOVZ2aGJ1UFhBTVU3MlFjcDBKMkVZZ19OX2pzRm9NdzZRdUNHOFZUN1IyakNCVU3SAewBQVVfeXFMTmZ4SlROTWZ5Rk54emlhODl4SXA4WlMteTM5MUh3R2pDSW5QakdVS1d0YlBsSEhlVGhEbTV1ekh1UnJqNGJNMFpNYVVvVG00N05JQ3NzWE81NC0wcnVENXQyMW5NeGNDV050WTdOSmtMWmJyNy11My1SeWJwejc5bmxNc1I2ZElUR29IWFBaN1JsX2JlNjhJMnNPdHYyd2lCZDdKQURhZ3d0YWhIYktKWDNFWl9XRHZOZTlBc204cXlUY3FDUnEwc1NqZWFMeUI4blZ6cWduVm5ra3RFTmRQUmZ4QWZ0ZmVyc1k4SG0?oc=5,NEUTRAL,8
HDFCBANK,Kaplan Fox Encourages HDFC Bank Limited (NYSE: HDB) Investors to - The National Law Review,The National Law Review,04 Sep 2026 05:40 AM IST,2026-09-04,https://news.google.com/rss/articles/CBMisAFBVV95cUxNTmVOaWVGS2lub3pVVDdiei1YbVMtX3VCUkRVMFdEcmxsQXozTFY1d3BYM3g5am9tYlJfN1llcjV0MDUyM1NBTVFSeVpFSWFFdnlld1BZOWtKWTJ3LURYZ0lVa3RhTEI4cGdjeGhNNGdwWFJEaEdFZzR3cEU1UU5neHhCYXctM011emJiMUQ5X3d0M3ZRbUNqVi1ST05qLUJ1T3o3UGVkYV9vZExRSE9CNw?oc=5,BEARISH,7
HDFCBANK,HDFC Bank Gains 1.13% to Rs 708.75 on September 3 as Market Looks Past CEO Exit Uncertainty - The Eastern Herald,The Eastern Herald,04 Sep 2026 05:02 AM IST,2026-09-04,https://news.google.com/rss/articles/CBMidEFVX3lxTFBSekZORzFRNWstdUxUSldMa2wwU0ZCLS1NNmh5eXpCVENRVHRvZ1lzdE1VbGlvandSb19wS0Vnc3dvSWd4UEpMVTZ5dlJaTjJFTEdOMmdrSDFlTmJGSHdHelFFMElsbUpjYzd4OHB5R0h3WnBi?oc=5,NEUTRAL,7
HDFCBANK,"HDFC Bank Limited (HDB) Investors: Securities Fraud Class Action Filed, Contact Hagens Berman Before October 13, 2026 Lead Plaintiff Deadline - PR Newswire",PR Newswire,04 Sep 2026 02:56 AM IST,2026-09-04,https://news.google.com/rss/articles/CBMinAJBVV95cUxOWlZGaG9JNF9RM215Ukk5QWdYbFNsVDM1WjNKTnd2YWtfOEwzdDhNRDlKSm9YR2NkSEd0Nl8yNGZuUEhQNDRnZVgtcFFGQ2E2WTBTSHFuT1FHMVlMWnBXOEVMT3BrbUIwSnU1aE5LRlFMQUd0bE9vQVk2czRCODdzM0h4MFQxbDY3TmxaSW42NmtEWmVDVy0tbGh4TVljeU5LSUdGMG9ZZ0xtNU9rc0ZmWXMwTWxnV01MNVZ0YVlaSTZGbm1wZE5yYTRkZzhPWHdZVHl6RWZpaElNWU5SUTluSmRHODlza0txUFVYcmRMX1pUZTY2RjB3M2twWC0yU2ZULTNSNHJ3NGxqMWJ2OXBBRlZrdFJUajRPZVVLaQ?oc=5,BEARISH,7
HDFCBANK,"Sensex Today | Stock Market Live: Sensex jumps 660 pts, Nifty nears 24,000; Reliance, HDFC Bank lend - IndiaIPO",IndiaIPO,04 Sep 2026 01:15 PM IST,2026-09-04,https://news.google.com/rss/articles/CBMiyAFBVV95cUxQREM1cnVFN2w5eW9JTy1YN1VWelAwZXRqN2tOMDZuaUZVbVJyM1BzUzd4Yk9ZbW4tbWpqM3FsV2k2NVpPVTQwcVpISjNleHJwci1kZ1FwS2E0T1lWaThSclo2T3lwdnVvR1NYM2pHSk9ZV0xmc1FLTmFHUVY3NVVBSkZYNC13alF4LUV2bkhhTUdRdjA1YW51bjhkZ19ndTNJcFU1YUQzVHVWZHJ6cURlS2FON24tM2cycFJuLTU1MTRRQmdiUXE5Vg?oc=5,NEUTRAL,7
HDFCBANK,HDFC Bank fell 26% in the last 1 year while SBI gained: Which mutual funds are betting big on the top 5 lenders? - Livemint,Livemint,03 Sep 2026 11:20 PM IST,2026-09-03,https://news.google.com/rss/articles/CBMiiAJBVV95cUxOT0dWSU5uTFREZU9JQlJIcmdwbFpZVkgtQTZOdEd0cEJWRTF1Q00tVUNaZEtIUkw3eUhqemRTLTZTU3dMckwxRlpLVkZBWmJQSG1NVlo5Z3FJR0U3Q3IySXJGbVVVci1Dczl5bm1sOVNqMFVaQTZOZy1MMld5Q2lySWRoa0RzTEQ3VG1NeE50ay1QNnlCLXRUTjQ0Zng3aFlfQTV2ckRfa3NiWFdZMk02bUNTVUNtRVdrQWZ6WnU4TXlKVTJrWXk2UkI1dElWTlVpMnRzNzZ4LVZ2WllQdmdKaXg3dU5QNHoxaHFUZ1pzZ1MwVXRtX29ZZE9oTFZBRnpjaWVWc190dHXSAY4CQVVfeXFMTlluNHF2a0JIdzdOcG4wRXZRcngxWWhqLWhiLXlka3ZDZk9UNk5LSTNwR0V6bDFHa3hma3pqWkxDSEpMdXNBRGIwWTFTSnRpS2NodjktNS0tSmY1NHc5d2hXVF9XVGd4NTFocFUyOVRab2s5a2p3M2wzWVVUWE56V29lTEJMTzdPb01yN1hJQ3hCUjlXb2tyVm5qbDZDTlFranYwUVN2cEYwS1p2NzZrUkgyVF81YmZBOVZ0OHotT2x1bkZwdlZaZmlnR0RIR2tleVZxaWI2SEIyekZnMW1hM24yLXpqbUNqT1N0TEEtQUpNdXRFaUw3LThqTFk0VUJPTGNMLVlYeWJYd3Fya1ln?oc=5,NEUTRAL,8
HDFCBANK,HDFC Bank garners nearly $12 billion through FCNR-B deposits under RBI swap window: Report - Livemint,Livemint,03 Sep 2026 09:56 PM IST,2026-09-03,https://news.google.com/rss/articles/CBMi2gFBVV95cUxOai1JbEp5TjlDRFl1dXJremxtZkx4dTNtNVFZMmpDMW41TFVkN2hNdThMZUpENDBmbFZLX1d6MHlRcTk5VW9XbW5iaGxrcmk4QVRsbWZZWTRrazc1V2xzSUxxel94Nndxb3hXdGk5RWp4X0F4R3ZyNTY3UVN4RU5WZk1NNHpScVp0UFpDODlVRjF3NHFPdUE2Vmo0RVVYeGhGdnFZQkdIa0RQbDNVMVBEVVNCN1ZKTURhY2t2cVRKODRkR1BPNm1kTEhKVktiWkFYckJmZ2RINUo3d9IB3wFBVV95cUxOMVlQcE1jb1FqVWJfaEFRUmRZUEhha3ZLOFpxcFI4VDUya3ZIYWJwOTJtNm1KN2w1eG8tSlZRYWJQT1N1NG9kemFnaDl0bVVTLUlYeXJDMXRjRG9JajliUm9sWDU2VW96aVVEZjctNDRkLVktQmRIT2E0RW1oQzV2enplZWZLcGlHQ3g3TERXVi1OVHVQWjI2bVFWaFVWWU9xcDVER3BHbHJRMV9aM0JHZWxNSUJwWlZ2Mlpsc0Zna2NZTWpmNTBXVlFKNjlxSGNuSVZ4dzA1U21QR0NxcEFz?oc=5,BULLISH,8
HDFCBANK,HDFC Bank is at risk of losing its top Nifty spot to rival ICICI - ThePrint,ThePrint,03 Sep 2026 09:15 PM IST,2026-09-03,https://news.google.com/rss/articles/CBMiowFBVV95cUxQYjM1MDF4eE9RXzczMG5zeXd3elBQQTFmQnNlTHpZZFYyYVBwT2IydmtVelpmMGVENzZhUWxsZ1Vrd3c5V29vUmQ2R0Z5UnJsR2pUOEZuR0xrTVNRREhIbGdtaGd3b01TSFhFS0pzTzlJNFBhbVVfd0ZnYnNPQkRhTXhNM3dlY1B1RFVSSFgwWkJSLUUwZ0RJdDNObFZQVlFjelBn0gGoAUFVX3lxTE9NbmFyc2k0eW9IaUpaLVlpYVZoeVJQRmdVZnkxUFQ1STd1LVpmSU5hRFRkc1ByRlRYRzA4MjhDbm5TZVpWc2F1dWlFR01JYm5vU0pqU05GamNpMWNLcUFhTmZLbXFYSkRZdElmSWNsYXZBWXZuNk5xcFJ1QXNjVlN2N05scHpUS0xvTE9Sdk5RU3ZwN0NucXUxMXdxNHhURE93SWxLZlVZSQ?oc=5,NEUTRAL,7
HDFCBANK,HDFC Bank Taps RBI Swap Window to Raise Nearly $12 Billion in Foreign Deposits - ndtvprofit.com,ndtvprofit.com,03 Sep 2026 09:08 PM IST,2026-09-03,https://news.google.com/rss/articles/CBMivwFBVV95cUxOUUJUZW5NLUhoZkNJTGpWb1lBamI4dS1haFFYcmItUDVLMGFVcV9WVVF5bmpkZmJJdFg3ZVlJUDZwNW53LU9xRkp0VFpYSldJeTZ3MU43R291QnVXdHA2dVFsNVY2NUZ6dm9Xam5lS05nclEtdHJXRjNQa0tSUDFiNzFYX2xRbGhkUEJwVHIybkdlNnhtOVdqQlctMFZWakd1d25sQ1ZJNXpMOWdfSTVTMnpFeF9uakxzSjhxQW1yd9IBxwFBVV95cUxQQXEwR09iM2RkUHc5Z3BISk9EWGVXUXNKNUxBLVR6eTRUZVJYOWlwN3F1LXZWQ0pvLTVIeFA0X01Rek5yLWxTLUZoendoTk9na3hVaHRMNVg5LUtBd0dsY1VkZE5JLXJ4ZU9nMk05S3BJQ3BXN3BVWGNGZVpoNjVfUzVtdklIanJIcnJ2Tjc3SFpZX001MHk2MmNzb2JWb282NVo3d3pFM2dfR1ZVcWpfSUNoOVl3bUxEa0Y5dkZLV0dodDFMWEhj?oc=5,BULLISH,7
HDFCBANK,HDFC Bank’s Nifty Crown Under Threat From Rival ICICI After CEO Exit - Bloomberg.com,Bloomberg.com,03 Sep 2026 08:12 PM IST,2026-09-03,https://news.google.com/rss/articles/CBMivgFBVV95cUxOdXlmWkhYZWdMM1JhWjd3NjkxbXZ4ckZzYUJuelRCWEtrTm43YnhTQzJvckZEanBObk53S2lYSjNyd3dhbmhmM2VuZkc5SzVtcWhFVTVnTTZHSGktU2dSejRkaHc5UVl3QWpCaUt0aTN0NFptZDB0YWNkTUI3UkRpV1ZaSGRiUnpnRHZLMmN4eDlCa2JXckpsZzB4QjlIaDg3QUVUdjVfMHhBR01ZUEprdXBfa21FVUdXYk1aM0FB?oc=5,NEUTRAL,7
HDFCBANK,"Stocks to Watch for September 4: HDFC Bank, Bharat Forge, UltraTech Cement, RBL Bank and more - CNBC TV18",CNBC TV18,03 Sep 2026 07:49 PM IST,2026-09-03,https://news.google.com/rss/articles/CBMi2AFBVV95cUxQLUtnREVqei1vekZsNTNqQTBTQWlBaVlYUWdqUFlNT0RHUzZRQ0xocXRQTUdxWlItRi1uRE9mUkNjMDhyRWFSWUk1QWxJRUtqNGREbGFaNzBEUnl5TXZQeHN0eDhBOUZxcjNxdTU3TDNoVzAzLWJvSzhHdEtVVkNDTzI5RkhicnNaeVJkM1V1Rm4wcm9hMEVJRTdsTWttYnVzaDQtc2ZjcGJtQ0QxQ0dYVWxqQW1rUXIyeFFNNVlPR05Wamt6NzNBSlZtVUpZNHdOVWxZU05wdFfSAd4BQVVfeXFMUGhJWHdTYy1JeFRyN05SVmZGN1IwWklleFpLeGR3cE1fdkF0SUV6ZzZlaHAwTGlTSmJmb0VNZUdoZ1RRRUxtUUFaVkRlWi1qZUVDYXk3aXJuQTBlSEdSNlVPazJTM1IzdGZfT3BKZUpHQU5zNm16b08tTVZUblhiUGVGZTIzSXRnbVAzXzVFUS1MUHN3RzdWNS1pQlpsT3NuT0xna1JZSlBfb2RmazNJV0lscFRURlBWd2ctaUE1SGZ0ZDVWbHprcnlOU3JGb3FJSl9zY1RlbkU4ZWdWSThR?oc=5,NEUTRAL,8
HDFCBANK,"SueWallSt Reminds HDFC Bank Limited Investors of the Pending Class Action Lawsuit With a Lead Plaintiff Deadline of October 13, 2026 - HDB - PR Newswire",PR Newswire,03 Sep 2026 07:37 PM IST,2026-09-03,https://news.google.com/rss/articles/CBMingJBVV95cUxPRHkwMXdpYkZpU1MxaFJSZm1oaXVuMTlfVlpfY2Rnd2RfUHIwQmJzdkY4bjNmY01UNFlabHQxX3FyWjFpZ2xpb1BwaE50dHJ6aGtTUDl5d05oWkVSbmh6QW9USUtwRWxnLW5ZT0FqQk84M2VwczRRVFJ3MXJsNmhRcTVXaU1GenpTLUNRMjBnNUhhbWdXVUEtTXRTNmsxU0RSNFR4dS1leHZiQ0R1WkRTRGNyTHVyVFFkLWZaN1ZoMHJmUGFQVDJDTWpld1VIWEpFLUpPXzdRcU8wV3ktVDA4eXBJZV9fbG9GcllYcENsMXc1el9xdHJMcHFieVdsQWw5endDbFNERjNFNTJyOUFxYS0zeEszdGVCNVI0R2Rn?oc=5,BEARISH,7
HDFCBANK,HDFC Bank raises nearly $12 billion through FCNR-B deposits under RBI swap window - CNBC TV18 - LinkedIn,LinkedIn,03 Sep 2026 06:30 PM IST,2026-09-03,https://news.google.com/rss/articles/CBMiuAFBVV95cUxPMlRvR0tLVTgwekpSakh5TjVGQzMtNkZvbFNJeHpxbVEzMUJVTGVFamdXM0s5aHdzbC0xdUVVNzV1eVRycEdnc0h4NUtGZGVyTzJmSGNhNFhVOHhxeGItR3BNZVNlSzlINWY0N1lYbGI4dDBFakZrRU9MOUF4cGp3bFRMY2QycW5FdWU2NkJEY1hhQ1VNX0Y1SjlQdkgwdUtpaEdOMzQtenN6THZlRkhZSGgwZVUwUEdl?oc=5,BULLISH,7
HDFCBANK,HDFC Bank raises nearly $12 billion through FCNR-B deposits under RBI swap window - CNBC TV18,CNBC TV18,03 Sep 2026 05:46 PM IST,2026-09-03,https://news.google.com/rss/articles/CBMivgFBVV95cUxQX0lOMUxXanNjc2ROOTFpeXZYZFM2Tzd5TUI0cWNfZlNEUjVfSjRxaTJoNVNUOTM4a2NweXNHTVBZbDRxT0FtalhPMUhMd3REcjNfRnhVdWlDNWt1aFAwcHAxSjh5N3gtd3dTdmNTckU0V014a2lqS3dFR0pJaGN1M05la2VrbGp4NTh6ejZKWURSRi1NbXVPQzg5WEpCM3haVS15Q1cwc2hESXlFRmNXcFlhVTZuZnJ5RGlSSU5n0gHDAUFVX3lxTE9tQ05lSjRlbmtGbGJGdmE2R3BHdEkxMzVYTVY2b3hSdkJvQ3dmaEVTNWVVcmgtcTFXSTZLSFJ6NkxDTWt3MW9hZC1GeEZ1QktoM0RWa2FVUDUtSllQeC1BUWJGd0psdjFsTV9wLUpyRWtIWVF6eXNvQXlXS2lYZXlySDZLSTNqQzBVeXRQT3FJX2RKcDQ5cEtXdTl1clZ3OGpCSG42eWtGNDY3MUZpRlVCVmhXTlhJMFJlbDQ5LUl1ZEt1Yw?oc=5,BULLISH,8
HDFCBANK,HDFC Bank stock loses ground as Nifty weight falls - AD HOC NEWS,AD HOC NEWS,03 Sep 2026 05:39 PM IST,2026-09-03,https://news.google.com/rss/articles/CBMirgFBVV95cUxOZjN4UlhNdDdhTGlrVjNob2ZESU1wMWxyZXJzcnRJdHdHenF0ZDVNQTNvSk1BODFHWHJjaXRxcHZfcjJTMlFiQmJ2cmZTTXliclFqTGNucFZkSjc2VGdaMjRqR1Z0QWJuTVpqMmczMG5OLWtqOFNGMVB1WDZSOTFET19Jal8tQlpzZHh1QXltLTl5RXp3dzZTdDg0Wm9XdjAyWEtJMzA3MlRkLW0tNXc?oc=5,BEARISH,7
HDFCBANK,"Nifty Bank ends higher, HDFC Bank, Axis gain as RBI's FCNR(B) inflows boost lenders despite late market... - Moneycontrol.com",Moneycontrol.com,03 Sep 2026 04:46 PM IST,2026-09-03,https://news.google.com/rss/articles/CBMi_wFBVV95cUxPUmFBaXhYX3VTQzV5c0VsM3B5eDlmbWlTUkVhbmhvWExNekdscUVsNGNyZFNRaUpLeG10a2VKTzZxLUMzSXJxbVZjZzltY3NGUnNlTWM2dHJFYnhPMG9nZ0dWSEdqNnZpTk5JdFhNdkNtWkNvUGlSX0g0Y2ppTUFQUks0SGw3V3Njb2pTdWhPOXFkclhSdG1oeGlqclFHbm5BZ1JpQ1FSbEs4XzZxUkxtendLVkRCQ09LQzB2djdSVERxU2pCdnRiaHE5cHpsM2JQbUJiMjRRbnJwVkZwQVllQmhWS3VlYTQ0OFR3c0dtOGtXLUo0dW5PaDJTVXJnVnfSAYQCQVVfeXFMTkJVRUM0a3JvY1VjblpkcnlKWmNpT3BULVBpY1RGem5vZGFnSm1GOWpZY3NVZmsyMk9ieEZvZDNJTFRiWjJCSG5wdWlVNWxaLWNQbVJsc19EanVnZE1JMVZYVzU5MGd0M1NpWnFNaS1hdktzSkRFWC1hbTRUZ1R2YW1qV29XRFRiZGRaN2NSQnRXdHlSMlpIazdYNGpNNWJGaFpHbkxuLWczbDZrWHNlZ28zWTN1WTF1NFM5LVRtNFhaM3hCaVAxSzJxUmFKQUx3M0laSXRDb1Rma1BwMmRJZm5uX2xtcFhBakZYYmtrTENrQ3gyNzRqS1FkcTY3R3IzSUFjRkg?oc=5,NEUTRAL,8
HDFCBANK,"Top gainers and losers, Sept 3: TechM, Cipla drop 2%; Adani Ports, Axis Bank, HDFC Bank gain over 1% - Upstox",Upstox,03 Sep 2026 04:29 PM IST,2026-09-03,https://news.google.com/rss/articles/CBMi5wFBVV95cUxPV0R6c2N0UmE3VmhkSXZEbnJQOGxVYklFYlRyWTJiLXRnVFlTcTFWaTBJeElJb1JDSjhtOFU1NkJtNkoxbFUzbkd4V1M0OEpfdktscXh6WjBpZXoxUHJmQWlqT2ZVTzBUZ0w1T1N3RkVPLVluWEhBZlZHbkZRTXFPQjJqSnRSVThfdUVkMTFLTG91MkU1cEFGaTFFMjRMalM1VlBFeEMwTjhNOXk4ZkRTNGlINWphZTBxczViZFVpdHpVbUR0Vm5MRTFoNk13a3lYcmxOYmFTQldzNzhwbDVfYVZicVFONjg?oc=5,NEUTRAL,7
HDFCBANK,"HDFC Bank, PNB, SBI, RBL, Federal Bank, Axis, ICICI, Kotak Bank: Share price targets - Business Today",Business Today,03 Sep 2026 04:05 PM IST,2026-09-03,https://news.google.com/rss/articles/CBMi3AFBVV95cUxPdEdidnJBOXVtTS1qSG85VWZQOUdsbE5xdFZDZjNheTJORnNWel9BS05hc2lEUVlaVGhBQ2U4ekVhSnBQWTdwcEZ1eGtfMms3UWpNLXV6OHNyTlRIM1VwTEs2UW1VckVZUTMwM2syNmhLY2FNVWZpbzVySG1taURvYTMybmpJMk9waEY0bTlWczhmdkYzR2drME9wTEpKVGZLc1BPekRzRk5yUEVYcjZVTy0wVFdzZTI2bkk4ckRvTVJONWMyWVRYeGVXQVZRWXpIWW1lVnFTZ3BNcWxj0gHiAUFVX3lxTE9FeUlSY0otMTFIOFhYejI1cHI1RXFUNG1BT0dXWk9fSTdOaFJnUXRpZzRRbXZNclVSZmJYUFg0bnppMjRnNDhlS2hBQmpGX0VGX0dhNkRwd3hrNDVpTHdfck01NDNjOWt2OGRORUcxeTJvRHZQYmFDckFCMkgtZGxrMTAxVVZMOGo5SUhTc3NaR21GODNkbVFfLU1pa3F6SjI4a1pUU19tTzUyMTV0WGs4QVBUdlRBb09obzRibVhmU1RLMzUtNHpZejRNbkdyeDhwLW04cDByQVFOemV1ZWNkWnc?oc=5,NEUTRAL,7
HDFCBANK,"HDFC Bank rallies Thursday, outperforms market - marketwatch.com",marketwatch.com,03 Sep 2026 04:00 PM IST,2026-09-03,https://news.google.com/rss/articles/CBMiowFBVV95cUxQNkJydHVIOTVmZTk5WDRlRVNYVjBGQmRHRmJuMUZ0dnpCLXl0T1BLNkZqUVI0RC1tM1dXNFRyLTgyeENqR1JkX0xoU0xEWFNIdGZTY3ZYcDQ3eF9kZV9USUJoU1pEc2dtaGZNVjJ1WVZNcXZIb1BDR3dmRENLeGs4Sl9fQUpEek4zSnEtMU1COE9FcGhqajFtVE0xa1lkNmtpLUY0?oc=5,NEUTRAL,7
HDFCBANK,"Bank holiday tomorrow, 4 September: Will SBI, HDFC Bank and others remain closed for Janmashtami? - Livemint",Livemint,03 Sep 2026 03:30 PM IST,2026-09-03,https://news.google.com/rss/articles/CBMi8wFBVV95cUxObzhKV2FSUnV3OFcxRzM0NHN4bmU1WDdseVRRU0NZNU1oMVJFX1hxNU9QdmlyRGZVOEVEYVR6RF9aMkY1dTJTaE82Z1R1VVBqekVvdHVnSkZweU9DQXc4T01YNVlPU1Q1WEF4dDljR01hWWg4R1ItNlhwVmZtQ2RsNGR0SW42MUZkc3pQcVozM05QUUVOd0RQN1dsb1BhLWNDZkNKUlZxMmFfUk9FazB3aXdMbVE1Yk9VX1VHT0VLZkdmWnlLQjVzcklNRkVYLTJaUzdzN3N0cWhsQkxkOUN2WmN0TVFQbEFEZmVPV2V1WDJaX2vSAfgBQVVfeXFMT1RrMzByUW16RlRYVFc4R3hPaWZwY0c0T1VvUmdSa3Yya2dEWDhTOUZzaVBkUS1MekN0V2MtMVpNWGxySm1MSHJkLWdTUHRWMzM1RVJVZDlJRV85WnRPX3lfMjZvUjcxSXNqSmJpeTFiUzJ0MnpwRi12aFdGNUt5YjRHN2JaYms4Y0thYjJ3RGpzanNCNEQ3VnpoMEJsWnFJaFRZdmNnTTRXd0JMWmZLV2FyT05mcmpvaUtxZWJZMG9XUl9aYldtUmhYWVczQmxhRkoybVJEMDlHbkFEbTJTdlE5LU5oRmtNOEVid2dTUzlmbHo1WjAwejI?oc=5,BEARISH,8
HDFCBANK,HDFC Bank Shares Erode Rs 4 Lakh Crore Value This Year. Time For Bargain Buy? - ndtvprofit.com,ndtvprofit.com,03 Sep 2026 01:40 PM IST,2026-09-03,https://news.google.com/rss/articles/CBMiuwFBVV95cUxQM2hxelJ2SllMSjBkMHZxbzJBd0NhUWxUTzBBMWZROVRzZ0UtWUloWDJKUWRweVd1OUYzYzduM3lXMy15aGRVLW9RVU4wQ2U2VEl0TFU2M2ZFREQ0V0RXTGJWNmJGZmtiWHdHeEZYRmkzX2I0UXRLeXpra0MyMHVsUVBxNFhjTVBNYVhCTUt2WXV0NEd4MmJ1YkFiVHJzN2sxY1dCT2hvQ1hoeWt5STlLd3dQemU4d3RQOE5R0gHDAUFVX3lxTFA1Nld6TzFGR2prcThSR2RPMGpVVlNXTlIzMXVCU1NZVDV4OEtRVG9lR1h6dktBdlRLYndLMndRd0UxNU5XX2UwVFA1aVowdDJSUGhISXZVTXVEWFVES044ZnJjQVBOZU00N0pXbjc4N3paUGQ1RHFZRWxxY1I2VU9CaDNJVGZjc0g5dndUcUR6WFg1NlJRLXMwQjFITTBJVXNHUGJHNVNGT1gwRDVZUGVwdW93V3RBaEFpMWtLZnA0NE1JQQ?oc=5,BULLISH,7
ICICIBANK,ICICI Bank Mobilises $17.9 Bn Under RBI Foreign Currency Deposit Scheme - BW Businessworld,BW Businessworld,04 Sep 2026 12:56 PM IST,2026-09-04,https://news.google.com/rss/articles/CBMitAFBVV95cUxQWW9pWVpLQW14cUVLV3I3NktJdThjakZMUzE5WG5uc1ExQUJWMkd0QXQ1TlBiSFlIZ0cwRUh1VUMzMjc4SldMdk42VXkwdlZRclp5QmNlbzRLcl9TU2NVYW1hSmFFWDBxOFdkcDlMdzZGdTRSNFhNYTJabVd5N01DNUdpSnFjY2JqZVhNckJrLV8tVjlMM3ZDUFY5M2pueHhJbmFwcUVSbHIzTFRGVm9xaXhBcEE?oc=5,NEUTRAL,7
ICICIBANK,"Eternal, ICICI Bank, 5 other largecap stocks with upside potential of up to 40%. Do you own any? - The Economic Times",The Economic Times,04 Sep 2026 09:40 AM IST,2026-09-04,https://news.google.com/rss/articles/CBMihwJBVV95cUxPTk1rXzBDbE0tQWtZU3ppVHBGXzZrcElvSV9UTHZWSFdsNFFnRXNHM1E4Q0F3cVZRazNDSFhmTU44NzY3bFludVRtdDFhalphUzZ2M2tjRk1nemVkZWlvZmMyX043dUVOZWhfX3cyZVVWU1A0SHh1MTFJRFZDN2JWblVRWFB5bmdaeGZ2d1JCeVQwckRjc3FsVWl4XzVJVkRneWY4SlpBcklESW44eXIzbXRHVDJZVkN4Y2MwNE5ac204RkZmeXpLbk9TMVEyX0c4R3JpelBfSkRzcGs2aGw5SzFkc19Xd3pkQWlaOWZDMzNSbUpiT0NoX3czbWh6MHllX3o3S1Q4TQ?oc=5,NEUTRAL,8
ICICIBANK,India’s ICICI Bank completes overseas bond issuance - IntelliNews,IntelliNews,04 Sep 2026 09:07 AM IST,2026-09-04,https://news.google.com/rss/articles/CBMikAFBVV95cUxQY3Z3eHlRWjZNejFPaVh4Ym51enBGcnlNX3RLWm5oRWRnVEttaU5tLWxCUHVnVE5zdWtVa09zakFsSkpPcXkyNDdGZVlRbXgyQTkxa210eURTQ3VyNld2WTVyRXRkcm5UVlF4SEJXMGZPT1R4d052Nzd1aTg0Q25OR2oyNUFva213VVVGazNELWE?oc=5,NEUTRAL,7
ICICIBANK,ICICI Bank Completes $500 Million Bond Issue - marketscreener.com,marketscreener.com,04 Sep 2026 08:56 AM IST,2026-09-04,https://news.google.com/rss/articles/CBMinAFBVV95cUxPLXMwUmZ5Xzd1VGRISDVnZFo2YVdxbTV4YThIZW5udVN1Mm1wMjJETGRNTnZCd3A4c2l0VWNqd2lTR3IxRVB4aThfOU9pV0xqbUZKUEF4MDBnWWpLQW9COUYxa1FpaVdYZkNKcllVd29IdGFmTDRQaVVyVkNCa2xuX3dYWGhNWGZGZ3B2U1FLMzRYSGI0dGhlQ290MFA?oc=5,NEUTRAL,7
ICICIBANK,"ICICI Bank profit rises 15.9% to ₹14,805 crore in Q1FY27 - scanx.trade",scanx.trade,04 Sep 2026 06:02 AM IST,2026-09-04,https://news.google.com/rss/articles/CBMiqgFBVV95cUxOdWJycVByS3g3Smw2Y0xtMWlJd05SQ09lZm1UZnNTSFhHcDVTbTNTTmE3LVc4bV9wTFhnRHdOcUlFU3MxbkwxUW1xSFR3eW5RclpaTElLdXVxQnlhckZWUzItX0wybm9WVGxseEdrSEVNRExqS04wcHBDWFZ5c3BCa0NYOFpUQUwtbnRZOXJtLXJRTGtGUzBNU2hIWmNNbDktSklaSWJnNmNydw?oc=5,BULLISH,7
ICICIBANK,ICICI Bank completes USD 500m senior unsecured note issuance - scanx.trade,scanx.trade,04 Sep 2026 01:50 AM IST,2026-09-04,https://news.google.com/rss/articles/CBMiuAFBVV95cUxQaXp2OFdMNWxYWnRJc2JMSURFclBfR2lIclNIWkluVHE1QmNYWGs0VTg4Ml9jRzJXNFJJbHQ4d3V2TnhFYmd6YVhJTmtOSnhSZG5Fem5tc0ptcUdWWG9VVlY3OFZ6SmlEamNHQ3hZY1ZVeW1GTHd3bVBfNU10czlqbG9LVlZhektqMFVVcUJUWDA2eGVJaGFvQm5oREtRXzk0akR1X184TWZVTVNFcDdWNi1GelB5eFFO?oc=5,BEARISH,7
ICICIBANK,"12.85 Lakh Cyber Fraud, 98 Transactions, Nearly 11-Year Fight: TDSAT Rules Against ICICI Bank - The420.in",The420.in,03 Sep 2026 06:01 PM IST,2026-09-03,https://news.google.com/rss/articles/CBMidEFVX3lxTE9KekdHbjNwVjJpWVZDenNTYjVVQVFWaWwyUlVYYjg4SUVnMXdwMEtoOExQdXhCcnlUbjI0Y2pnbGx3Rzh4YUxxOGVLZU80RS1tVzJPMldGQjFGbHJQR0pJaU9rMHdsSEtQZFBKeE1XS2JDdC1H?oc=5,BEARISH,7
ICICIBANK,ICICI Bank (NYSE: IBN) spends ₹14.7B to lift its life insurer stake - Stock Titan,Stock Titan,03 Sep 2026 03:35 PM IST,2026-09-03,https://news.google.com/rss/articles/CBMirgFBVV95cUxNWUZoR0U4WjgxamQyckRBSUh1NENVcUZ2OGFCQVFUbDZiXzlEd0k5UTM0eGZiZ2lrbTBtY0VHeW8yd2gtbURJVnFac0RSVHB5Yy0wYVVnS01wR0RTVnY3VXFyWk1ZbEN6NWlLU21KQnpwazkzZmtYQm56Z0J2dkd4WkxybEVHcTFYeVluU2QtcTdLYVdnd1BlYkZVRHJnR2ozSW8wZEJBcXgzdXRfN0E?oc=5,NEUTRAL,7
ICICIBANK,ICICI Bank Share Price - Live NSE: ICICIBANK Stock Price & Chart - Upstox,Upstox,03 Sep 2026 02:50 PM IST,2026-09-03,https://news.google.com/rss/articles/CBMiY0FVX3lxTE41ZWlLb1o0emplRlRyWWY3MnhuaG1TMzVobHB2ZVk4NGc5aTFkb3FrX2Q4ZjZaanV6V2oySlFPTlZZa05qUnNicW9pNktGdnlxU1BvalA3VjJVUlBqaUtSSmdaMA?oc=5,NEUTRAL,7
LT,"Larsen & Toubro slips Thursday, underperforms competitors - marketwatch.com",marketwatch.com,03 Sep 2026 04:01 PM IST,2026-09-03,https://news.google.com/rss/articles/CBMirwFBVV95cUxNUTVxSFRHM3llWFNKTGhSNGlVWlVLOXJxMTRiOTJGOGZfc1prdkZDOUpSV0VMem5GSUxVLWFpcmxzM28yNWpzWDBkSy1nM3ZTWEw3emt5Nkd5WmFrN2J6b3pZRloySTE0aXRGeEkxRmNHa014UTBpa0JoYjA4anNld0wtSFFhSEdGS3hHV2V2dHc0WU1aUDhEQ2UwY3hzSnNKSE1icnRkSVZaWldjbmw0?oc=5,NEUTRAL,7
LT,L&T hands over first multi-purpose vessel to Indian Navy - defence.economictimes.indiatimes.com,defence.economictimes.indiatimes.com,03 Sep 2026 03:35 PM IST,2026-09-03,https://news.google.com/rss/articles/CBMixgFBVV95cUxOUVZqSDB6YWYyY3ZyNFFKd0tLNzZ2WVROOGUtWmlxaWtFNHZ2bHlKSml2WkY3a3FZVnUzWDJJZWdDOXRmRGVYLTVUckpnMlRGYkRkcXIzbUZ6clI1TUdIRGVHOFJmT1M1NjZCc1BSQl85YmZNYzV6TXQ0TU1WM3AxNUx0aVA2MkdwQW43OGVLV0UyT0Q2ek9BQW9rZ2VTcXZsaG00Z2Yxa3N0RzR1bXhRMlpyMzE1WDI1dThHRmtBXzVuRkNkZWfSAcYBQVVfeXFMTlFWakgwemFmMmN2cjRRSndLSzc2dllUTjhlLVppcWlrRTR2dmx5SkppdlpGN2txWVZ1M1gySWVnQzl0ZkRlWC01VHJKZzJURmJEZHFyM21GenJSNU1HSERlRzhSZk9TNTY2QnNQUkJfOWJmTWM1ek10NE1NVjNwMTVMdGlQNjJHcEFuNzhlS1dFMk9ENnpPQUFva2dlU3F2bGhtNGdmMWtzdEc0dW14UTJacjMxNVgyNXU4R0ZrQV81bkZDZGVn?oc=5,NEUTRAL,7
BHARTIARTL,Bharti Airtel Foundation’s TeacherApp crosses 3 Lakh Users - education21.in,education21.in,04 Sep 2026 12:27 PM IST,2026-09-04,https://news.google.com/rss/articles/CBMiiAFBVV95cUxQQWlOZFJIV0ktbUVPMEZRVHNfbVVoakNXbXRzajE1THpBb3plRUF3aVp2QmJSMGRsNkhucTJiNkF5S2FYQ3lsM0NLZ1VVTHhENmhxZVcxZWlHMVBzY2huNmF2T09aRW05ekhqZGFkV1Q1MlNDYXRSV2MxdTBWQW5FOWN3bUdadk14?oc=5,NEUTRAL,7
BHARTIARTL,Duolingo partners with Bharti Airtel for Super Duolingo - MediaBrief,MediaBrief,04 Sep 2026 01:15 PM IST,2026-09-04,https://news.google.com/rss/articles/CBMiW0FVX3lxTE9VbEQxSlFKQjNOSmZJbnh4M1BpaVBZb2UzM2FzcVJBT0NwQmtISktOcnUxYnZWUDB3VWIxV0VHLXJjRk1tdGd5MGpoUWNCX3QxalNRTFd2LWNILXc?oc=5,NEUTRAL,7
BHARTIARTL,"Red Hat Recognises Adani Airports, Bharti Airtel, DoIT & C, Government of Rajasthan and IRCTC at Red Hat APAC Innovation Awards 2026 - Business Standard",Business Standard,03 Sep 2026 10:10 PM IST,2026-09-03,https://news.google.com/rss/articles/CBMisgJBVV95cUxPSE5tWUMyX0I3eDZ5TUxZY0djTkRkWDdrMDQ2R1ZFQ2hoT21BSHRjV0xrTm9TMC1uSjF2ejVERUJ1dGVJbGJPb0o5a2Njc2d2QklxMVBHd2gtUGJKU1BtSzRwS1RVTlBZWE5HNGZ5T1JwMXVDYkc4dmtMb3J1R0pueHlUSE9sNnJDaVFoTWhTbldiMDhkclc3X1BtRzkwSmdYZTBVdUtaQ3Jja0IzV1JfMTcwdWR3YThEaHJBRV9JckpPdmo4UF9VV0JyaVZkZzlNUXV4U2JWUVZEdXktOVZLLUNkR1VlOEw4QzZ0cWxDSFR0WUNJWlh3Nzg4OUdoXzBvZlJka09NOEpsdzVMSVRmdWVaOUhTaXRsZ0lnNUlRRmthTHJDRVdiTk8wX1ZKbGh5OVHSAbcCQVVfeXFMTVFjQk10dmx0UmptTXdKMTFKU2pSdVF6Z2liVkd0TldQbHZoQkhWT0pEZWVQS0VFLVNlSmdmZ2FwRWZoci1Sbkx5Wnp2YWFKTjV5bEVNNDFvdDZnamJXTGJoMW5ZYXVqLVVzT1N6a1NCcTBlNXM1ZjhyZVc3WGozMnEzQmtRMU5Fb2xiTzRVNTdsR2gyY2lIVktnbXZRV2ZPV0dyV2U2bEZwakJVYkxWNkRLQ2QwRVNhbkFXX01la3dYUWxETGVqMTFlWVp3RTQxdXVrcE5WZmZIUXFWcjBMUjkzaFF4Y3ZlbHRtOWNYcEZwUGlERjR0NThaLU9QXzdHdzRtZC1sOU5rWHgxbWVzMF84TkV1b1FPZ29PTklPdlp2NUdKUXdBZUY2WFZTQVBrelFMSFV2eTg?oc=5,BEARISH,8
BHARTIARTL,Vodafone Follows Bharti Airtel: 5G Network Slicing Live with Minimum 15 Mbps Speeds - TelecomTalk,TelecomTalk,03 Sep 2026 08:35 PM IST,2026-09-03,https://news.google.com/rss/articles/CBMiiAFBVV95cUxNZ1FmU015ZXVmdHVVSGZHNTFkTTAtWWVtOXh2S3J6M0ZURV9FZzB2d0Z1cTExeWwzZjgtSkRuT2oyUlExUzZIbXF6dVRCM0FLenVxT3ZBbGJ2RDVURk5nbWtZV3BGa1l3Q19fR2JTUUVWVVpRZUpHa2x6X2JXeVFoWHNicFc3NHhT?oc=5,NEUTRAL,7
BHARTIARTL,Bharti Airtel elevates Rashim Kapoor to Deputy CTO - Communications Today,Communications Today,03 Sep 2026 04:50 PM IST,2026-09-03,https://news.google.com/rss/articles/CBMikwFBVV95cUxPTDRwVFZtemhYel9JVzdwbmE4MjV0eGZ4Sk9NVUdYeVlKNkdfanlkckRULU1HZE9zQWhzTEdKOVo5Rll4OVFyOGd4UThfTXpoZjlVR29KeUdOejlHV3ZtdWJXV05yU2pxM3g1aVA0Tm1IMENlWHBiTTIyRXdwcWZRaGZKSWlLaUNuQXYtdWRyZFF3d1k?oc=5,NEUTRAL,7
BHARTIARTL,"Bharti Airtel advances Thursday, outperforms market - marketwatch.com",marketwatch.com,03 Sep 2026 04:03 PM IST,2026-09-03,https://news.google.com/rss/articles/CBMiqgFBVV95cUxOd0cwQjdPQ29MeGptbVZYZUdkVzBjQThpZnhqbzZUWkFPR3FlYm02MTJIWkpPUnRrYThzVFpVTjdvVkpWMURFaW1jOG1LRHVWUzNLUUdSdFA5ZW1Bc3RPRlRQb3RoaXJGaTloOXhoYjRKRXp6aENlU0dBRmFDSFBZVVRYbGdHalZUdUN4amFWSnotbU9aOGY4QmlLLXYtZmdvMXFpZ1JEZnlsdw?oc=5,NEUTRAL,7
BHARTIARTL,Duolingo partners with India’s Bharti Airtel to offer 12-month access to ‘Super Duolingo’ - ET Telecom,ET Telecom,03 Sep 2026 03:52 PM IST,2026-09-03,https://news.google.com/rss/articles/CBMi7AFBVV95cUxOTzZ5ZC05WWU0NEM3ekRHQ3pnM0dHTS1XQ1ZuRXB5X0RGM3czTlYtQUhwRmREOTRaSERZZ1dBV242WWxiRFZKOS1WdGNZcnNVSmg0WjFuUTZwNWdnS0xURGZlTm1rUEdUR0xJakdVU01xNlBHaURQdGhNMGY2bl9IYTg2dkRuUThwenhpaEJnXzFZaDJrdDQ3S1RQQVZvY0NwNlItcUZWb3ZWMWp6M21YWm1PeFBENjJWYVhkWTdiOTA0Zy1TRE9zMGNXQnIxUm1NLXA2Yi1ZM1RFVUZjLW1EU0dMQ1dwTzNIaF9YVdIB8gFBVV95cUxPYkhYX253eEVVd1dCb0FyV2dvMVBfV2c5S3FKRGRlN1NTRmpPZUNKTjdkZWtkU3dmZUxsblJyWDE2OVVwY3FTMG9JcFhSb3hXWUQ1ekN2S0RtTjFodzgycDRRS3dvMkVZSUlhNGpYSjM4U0ZaaW9YNGNpODRMVlYwSXMtX1lSd3lMVGtTM0M0MUU0bm5TRW45c3lyalNvVFBZVV9DdDVYMkQ5SE5LU0RMcWY1cDZjZFQ0by1MSGJleFhMNC1nUXhabDRzcU5OLW1rd3duNXRfV2VwZ2t4MDF4OWFGZHA3VzdZa3p4cUNWTDNPUQ?oc=5,NEUTRAL,7
